<VisualMicro>
  <Program Name="RFRWheel" Ext=".ino" Location="C:\svn\Development\trunk\projects\Arduino\ESP_WHEEL\RFRWheel">
    <Compile IsDebugStart="0" CompilerErrors="0" ConfigurationName="Debug" StopOnError="False" OptimiseLibs="True" OptimiseCore="True" BuildPath="C:\Users\dev\AppData\Local\V.Micro\Arduino\Builds\RFRWheel\leonardoffb" IncludeDebug="0" IncludesDebug="0" SketchName="RFRWheel" IsCompiled="1" />
    <Platform Name="arduino10x" Package="arduino" Platform="avr" Architecture="avr">
      <Board Name="leonardoffb" Description="Arduino Leonardo (FFB HID)" CoreFolder="C:\Arduino\arduino-1.0.5\hardware\arduino\cores\arduino_gs" VariantFullPath="C:\Arduino\arduino-1.0.5\hardware\arduino\variants\leonardo" McuIdePath="C:\Arduino\arduino-1.0.5" McuSketchBookPath="C:\Users\dev\Documents\Arduino" name="Arduino Leonardo (FFB HID)" upload.protocol="avr109" upload.maximum_size="28672" upload.speed="57600" upload.disable_flushing="true" bootloader.low_fuses="0xff" bootloader.high_fuses="0xd8" bootloader.extended_fuses="0xcb" bootloader.path="caterina" bootloader.file="Caterina-leonardoffb.hex" bootloader.unlock_bits="0x3F" bootloader.lock_bits="0x2F" build.mcu="atmega32u4" build.f_cpu="16000000L" build.vid="0x2341" build.pid="0x8036" build.core="arduino_gs" build.variant="leonardo" runtime.ide.path="C:\Arduino\arduino-1.0.5" build.system.path="C:\Arduino\arduino-1.0.5\hardware\arduino\system" runtime.ide.version="105" target_package="arduino" target_platform="avr" runtime.hardware.path="C:\Arduino\arduino-1.0.5\hardware" originalid="leonardoffb" vm.platform.root.path="C:\Program Files (x86)\Visual Micro\Visual Micro for Arduino\Micro Platforms\arduino10x" ide.hint="Arduino 0023 and 1.0.x Ide" ide.location.key="Arduino" ide.location.ide.winreg="Arduino 1.0.x Application" ide.location.sketchbook.winreg="Arduino 1.0.x Sketchbook" ide.location.sketchbook.preferences="sketchbook.path" ide.location.sketchbook.default="%MYDOCUMENTS%\arduino" ide.location.preferences="%VM_APPDATA_ROAMING%\arduino\preferences.txt" ide.default.package="arduino" ide.default.platform="avr" ide.multiplatform="true" ide.includes="arduino.h" ide.platformswithoutpackage="true" ide.includes.fallback="wprogram.h" ide.extension="ino" ide.extension.fallback="pde" ide.versionLTEQ="149" ide.exe="arduino.exe" ide.hosts="atmel" ide.url="http://arduino.cc/en/Main/Software" vm.debug="true" software="ARDUINO" ide.appid="arduino10x" location.sketchbook="C:\Users\dev\Documents\Arduino" build.core.vmresolved="C:\Arduino\arduino-1.0.5\hardware\arduino\cores\arduino_gs" build.core.parentfolder.vmresolved="C:\Arduino\arduino-1.0.5\hardware\arduino\cores" build.core.coresparentfolder.vmresolved="C:\Arduino\arduino-1.0.5\hardware\arduino" vm.core.include="arduino.h" build.board="AVR_LEONARDOFFB" vm.boardsource.path="C:\Arduino\arduino-1.0.5\hardware\arduino" runtime.platform.path="C:\Arduino\arduino-1.0.5\hardware\arduino" vm.platformname.name="avr" build.arch="AVR" build.variant.vmresolved="C:\Arduino\arduino-1.0.5\hardware\arduino\variants\leonardo" vm.runtime.compiler.showwarnings="false" />
    </Platform>
    <Debug DebugEnabled="0" EnableBreak="1" />
    <VCCodeModel>
      <VCCodeMacros />
    </VCCodeModel>
  </Program>
</VisualMicro>